{
  "project": "p4-credit-risk-scoring",
  "summary": "Calibrated GradientBoosting on REAL UCI German Credit: ROC-AUC=0.802, KS=0.462, Gini=0.604, Brier=0.162; declining the riskiest 20% leaves a 0.046 approval-rate gap between younger and older applicants.",
  "source": "real: UCI German Credit (n=1000, age<25 as protected group)",
  "seed": 42,
  "n_total": 1000,
  "n_train": 700,
  "n_test": 300,
  "base_default_rate": 0.3,
  "calibration_method": "isotonic",
  "decline_rate": 0.2,
  "best_model": "gbm",
  "models": {
    "logreg": {
      "discrimination": {
        "roc_auc": 0.7932275132275133,
        "gini": 0.5864550264550266,
        "ks_statistic": 0.46666666666666673
      },
      "calibration": {
        "brier_score": 0.1620850138223982,
        "ece": 0.028063667938763956,
        "reliability_curve": {
          "mean_predicted": [
            0.0791978218003391,
            0.18087694002670027,
            0.31794267759438366,
            0.44372442500103065,
            0.568735247706604,
            0.6637362611428753,
            0.7592283915686147
          ],
          "observed_rate": [
            0.07692307692307693,
            0.15873015873015872,
            0.3,
            0.48333333333333334,
            0.6538461538461539,
            0.7272727272727273,
            1.0
          ],
          "weight": [
            0.26,
            0.21,
            0.2,
            0.2,
            0.08666666666666667,
            0.03666666666666667,
            0.006666666666666667
          ]
        }
      },
      "operating_threshold": 0.48572487949573606,
      "confusion": {
        "tp": 41,
        "fp": 22,
        "fn": 49,
        "tn": 188
      },
      "fairness": {
        "groups": [
          "older",
          "young"
        ],
        "per_group": {
          "older": {
            "n": 241,
            "approval_rate": 0.8091286307053942,
            "tpr": 0.4838709677419355,
            "default_rate": 0.2572614107883817
          },
          "young": {
            "n": 59,
            "approval_rate": 0.711864406779661,
            "tpr": 0.39285714285714285,
            "default_rate": 0.4745762711864407
          }
        },
        "approval_rate_gap": 0.0972642239257332,
        "tpr_gap": 0.09101382488479265
      }
    },
    "gbm": {
      "discrimination": {
        "roc_auc": 0.8018783068783069,
        "gini": 0.6037566137566137,
        "ks_statistic": 0.46190476190476193
      },
      "calibration": {
        "brier_score": 0.161777513463789,
        "ece": 0.032886038834707934,
        "reliability_curve": {
          "mean_predicted": [
            0.06789190069741817,
            0.1811167726844103,
            0.315274953630037,
            0.44597597860161425,
            0.562100135338747,
            0.655034120943509,
            0.8179012345679012
          ],
          "observed_rate": [
            0.030303030303030304,
            0.16455696202531644,
            0.3508771929824561,
            0.4489795918367347,
            0.6176470588235294,
            0.7857142857142857,
            1.0
          ],
          "weight": [
            0.22,
            0.2633333333333333,
            0.19,
            0.16333333333333333,
            0.11333333333333333,
            0.04666666666666667,
            0.0033333333333333335
          ]
        }
      },
      "operating_threshold": 0.4843755383290268,
      "confusion": {
        "tp": 40,
        "fp": 20,
        "fn": 50,
        "tn": 190
      },
      "fairness": {
        "groups": [
          "older",
          "young"
        ],
        "per_group": {
          "older": {
            "n": 241,
            "approval_rate": 0.8091286307053942,
            "tpr": 0.5,
            "default_rate": 0.2572614107883817
          },
          "young": {
            "n": 59,
            "approval_rate": 0.7627118644067796,
            "tpr": 0.32142857142857145,
            "default_rate": 0.4745762711864407
          }
        },
        "approval_rate_gap": 0.046416766298614576,
        "tpr_gap": 0.17857142857142855
      }
    }
  },
  "figures": [
    "results/figures/roc_curve.png",
    "results/figures/reliability_curve.png",
    "results/figures/score_distribution.png"
  ]
}
