{
  "project": "p1-fraud-detection",
  "summary": "xgboost on ULB creditcard.csv (real, 284,807 txns) (fraud rate 0.173%): PR-AUC=0.836, ROC-AUC=0.978; at a 1% false-positive budget it catches 88% of fraud at 15% alert precision; p@100=0.98.",
  "source": "ULB creditcard.csv (real, 284,807 txns)",
  "best_model": "xgboost",
  "seed": 42,
  "n_transactions": 284807,
  "n_features": 30,
  "fraud_rate_realized": 0.001727485630620034,
  "target_fpr": 0.01,
  "operating_threshold": 0.00048149822396226227,
  "pr_auc": 0.8364045155884776,
  "roc_auc": 0.9779457780073291,
  "recall_at_fpr": 0.8783783783783784,
  "recall_at_threshold": 0.8783783783783784,
  "precision_at_threshold": 0.14689265536723164,
  "confusion": {
    "tp": 130,
    "fp": 755,
    "fn": 18,
    "tn": 84540
  },
  "precision_at_k": {
    "p@50": 1.0,
    "p@100": 0.98,
    "p@200": 0.615
  },
  "models": {
    "logreg": {
      "pr_auc": 0.7049958883506376,
      "roc_auc": 0.9681345188320978
    },
    "rf": {
      "pr_auc": 0.8109752494330511,
      "roc_auc": 0.9602332841663986
    },
    "xgboost": {
      "pr_auc": 0.8364045155884776,
      "roc_auc": 0.9779457780073291
    }
  },
  "figures": [
    "results/figures/precision_recall_curve.png",
    "results/figures/confusion_matrix.png",
    "results/figures/precision_at_k.png"
  ]
}
